{"stats":{"minecraft:mined":{"minecraft:coarse_dirt":1},"minecraft:picked_up":{"minecraft:coarse_dirt":1},"minecraft:used":{"minecraft:coarse_dirt":1},"minecraft:custom":{"minecraft:jump":32,"minecraft:time_since_rest":5029,"minecraft:damage_taken":10,"minecraft:leave_game":2,"minecraft:play_time":5029,"minecraft:sprint_one_cm":3660,"minecraft:time_since_death":5029,"minecraft:walk_on_water_one_cm":1172,"minecraft:walk_one_cm":2225,"minecraft:total_world_time":5029,"minecraft:fall_one_cm":1438,"minecraft:fly_one_cm":4974}},"DataVersion":3465}