{"stats":{"minecraft:custom":{"minecraft:jump":31,"minecraft:time_since_rest":1195,"minecraft:leave_game":1,"minecraft:walk_on_water_one_cm":1172,"minecraft:sprint_one_cm":3660,"minecraft:play_time":1195,"minecraft:damage_taken":10,"minecraft:time_since_death":1195,"minecraft:walk_one_cm":1962,"minecraft:total_world_time":1195,"minecraft:fall_one_cm":1438,"minecraft:fly_one_cm":4974},"minecraft:used":{"minecraft:coarse_dirt":1},"minecraft:picked_up":{"minecraft:coarse_dirt":1},"minecraft:mined":{"minecraft:coarse_dirt":1}},"DataVersion":3465}