{
  "takesapillage:root": {
    "criteria": {
      "always": "2024-05-19 08:01:28 +0000"
    },
    "done": true
  },
  "minecraft:recipes/decorations/crafting_table": {
    "criteria": {
      "unlock_right_away": "2024-05-19 08:01:28 +0000"
    },
    "done": true
  },
  "beautify:progression/root": {
    "criteria": {
      "Install": "2024-05-19 08:01:28 +0000"
    },
    "done": true
  },
  "minecraft:adventure/adventuring_time": {
    "criteria": {
      "minecraft:savanna": "2024-05-19 08:01:29 +0000"
    },
    "done": false
  },
  "DataVersion": 3465
}